name,id
Tortuga Voladora,91471380
justalittlestitious,91826159
sparklies,83884297
Pastichio,90217719
cam1209,91908437
keksbesessen,89755971
CrapsK,91818218
mikee3,86345886
Luu9,91304017
elilizabeth,85437617
FugitivoDelParaiso,93687043
Marjoleine,86090267
gbass,91708123
tetack,88736432
itzitzi1,93632373
ahab123,84896853
Alias_JJ,88991687
Skwadiie,88844538
jacotte9,86254993
Talleyho123,88729340
hokuhokutou,84917295
masarik21,85278898
yuuuucya,93527838
Eme45P,92791312
MollyMcintire,85278076
Lomies,85956929
Mariilu,93691172
schtrumpfette,85841572
hanabigazebo,93847557
lee34,87154763
Alessandro82,83881910
Bonnie2806,93076097
biblibii,93744636
Firefly,89981467
Ivis24,88108869
Playfully,85364863
Patoune38,93344804
owly S,87712613
KestralNS,88511679
Perl1p1p1,85575415
chachin_jp,91917424
lud20,89786233
ShinShin18,93414125
natachmoi,93374000
Momic,86526169
MrPîke,87629305
Babi57,87920633
Mélanie67,91198817
gameuseFR,93204923
gku8,93859910
__Nuria__,89745565
RosePetals1,91921328
MiLiNa,85309484
mamasse44,91709134
MathsEtMoi,88869558
pys88,88874271
GMZ19,85879716
estelle65000,88933808
Duckykiller,86376089
paco ja,92866504
ChimCaro,89903120
chlamka,84352784
citadins,91006794
Prouloulou,93339704
isis26,93721959
Demianweisi,89631088
sana_sana,88735427
Tigrou78,93361355
Pontyika,84999258
Milan33800,86071236
Benja1776,84768754
Mirivet,93649304
konobioz,85181300
caseclosed,87824543
-Jin-,91088072
aasis31,93927535
superjackie,86612384
OKAPI7912,89080564
Kiwizzz,88399624
patzaw,93040804
Abbica,84739146
glo0o,93769260
OutNowhere,91634369
Ormanina,85735281
Freda21,88720224
Cel18,88987060
hiiite,86813595
MaggieQQQ,90725681
Natssh,84183816
Rotgutt,86769435
laeti family,90568493
Ciboulette68,86851149
Monicuzza07,85590661
SpeedyPollock,91960026
eveytheturtle,90591497
Prim15,86953304
NaM,85167308
dolz,84239637
leonardoam,88209898
n8bit,84790764
BognaMaria,86854871
SreejithSriva,93251119
uenoueno11,91018776
Mauripalla,85775230
